learning_path,module,sub_module,context,duration_in_minutes,user_feedback
"Data Modeller, Data Storyteller, Analytics Project Runner, Data Science Jump Starter, Full Path Finisher",Data Fundamentals,What is Data,"This presentation explores the fundamental question “What is data?”, providing definitions, examples and boundary cases. It begins by showing the wide variety of items that can qualify as data: quantities, numbers, facts, observations, measurements, graphs, texts, and even feelings, emphasizing that not all widely assumed definitions are universally true. The slides contrast everyday usage of the term with formal definitions. In technical and academic contexts, data refers to values of qualitative or quantitative variables associated with one or more objects or persons. A single value is a datum. The deck explains the distinction between data and information: data are raw symbols or values, while information emerges when data are interpreted or placed into context. The presentation also describes digital data—values represented using the binary system (0s and 1s), which is the basis of all modern computing. Through examples and prompts, learners are encouraged to reflect on what qualifies as data and how data is used in analytics and decision‑making. Overall, the module establishes a conceptual foundation for later topics in data engineering, data science and machine learning. The data fundamentals module is crucial for newcomers and people not familiar with data, analytics or AI",10,"[""4 learners, rating 5.0, Lucky Sinighan says ""This training so far from the topic (Data Fundamentals) was enticing, and throughout interactive, clear and engaging"", another user says ""Superb and well put together. I am enjoying every bit of the theories. Can't wait to get to the hands-on practical classes.""]"
"Data Modeller, Data Storyteller, Analytics Project Runner, Data Science Jump Starter, Full Path Finisher",Data Fundamentals,Features & Labels,"This module introduces features, labels, and the preparatory steps that make data usable for machine learning (ML). It highlights that computers only understand numbers; therefore, non‑numeric data must be transformed. The slides present different transformation techniques, including converting text into numerical representations by mapping each unique word to an ID or to a one‑hot encoded vector. One‑hot encoding is explained as a method for turning categorical values—e.g., High, Medium, Low income—into numerical vectors with a single “1” marking the category. The deck then illustrates the distinction between features (input variables) and labels (target outputs to be predicted), using examples such as the Boston Housing dataset, where variables like house size or crime rate act as features, and the predicted price serves as the label. The presentation also contrasts traditional computing, where explicit rules are programmed, with machine learning, where the model learns patterns from examples rather than predefined instructions. These concepts lay the groundwork for understanding model training and supervised learning. Overall, the module reinforces that correct feature engineering and label definition are essential for building reliable ML models.The data fundamentals module is crucial for newcomers and people not familiar with data, analytics or AI",32,"[""4 learners, rating 5.0, Lucky Sinighan says ""This training so far from the topic (Data Fundamentals) was enticing, and throughout interactive, clear and engaging"", another user says ""Superb and well put together. I am enjoying every bit of the theories. Can't wait to get to the hands-on practical classes.""]"
"Data Modeller, Data Storyteller, Analytics Project Runner, Data Science Jump Starter, Full Path Finisher",Data Fundamentals,Problems with Data,"This deck addresses the many practical issues encountered with real‑world datasets, emphasizing that data problems often determine the success or failure of analytics projects. The module highlights common challenges such as insufficient data, missing data, outliers, NaNs, class imbalance, and incorrect labels. Examples include skewed distributions of weight categories, cholesterol values containing extreme outliers, and imbalance in marital‑status classes. A thought‑provoking case mentions the NIH chest X‑ray dataset, estimated to contain up to 10% mislabelled images, demonstrating how labeling errors can significantly distort model performance. The slides encourage learners to think critically about the root causes of poor data quality, noting that many issues are not due to the data itself but how it is collected, annotated, or interpreted. The module positions data quality as a central factor in machine‑learning development, because noisy, incomplete or biased datasets reduce the reliability of predictions. By showing concrete examples of flawed datasets, the presentation stresses the need for data cleaning, validation, imputation and careful sampling. Overall, the deck frames data‑quality management as a foundational competency for analytics teams and data practitioners.The data fundamentals module is crucial for newcomers and people not familiar with data, analytics or AI",28,"[""4 learners, rating 5.0, Lucky Sinighan says ""This training so far from the topic (Data Fundamentals) was enticing, and throughout interactive, clear and engaging"", another user says ""Superb and well put together. I am enjoying every bit of the theories. Can't wait to get to the hands-on practical classes.""]"
"Data Modeller, Data Storyteller, Analytics Project Runner, Data Science Jump Starter, Full Path Finisher",Data Fundamentals,Data Wrangling,"The presentation introduces the fundamentals of data engineering by illustrating how modern businesses model their processes using data. It begins with examples from industries such as transportation, accommodation and entertainment, highlighting companies that have become global leaders despite not owning traditional physical assets. Their advantage comes from using data for dynamic pricing, routing, customer analysis, feedback evaluation and recommendation systems.
The slides contrast digitally driven companies with traditional organizations. For instance, they compare Netflix’s rapid rise to Blockbuster’s decline and describe how longstanding companies like a 180‑year‑old agricultural equipment manufacturer successfully expanded into digital services by launching data‑powered platforms. The presentation also shows how market capitalization rankings between 2011 and 2022 increasingly favor data‑driven firms such as Apple, Google, Amazon and Tencent, demonstrating the economic impact of data-centric strategies.
A data value pyramid is used to explain how raw real‑world processes become business value through digitization, processing, analysis and insight generation. The module emphasizes that effective data-driven decision-making requires clear goals, well-defined metrics and iterative feedback loops. Quotes from industry leaders reinforce the importance of fact-based decisions and structured analytical thinking.
Overall, the presentation underscores that data engineering enables the transformation of business processes into digital systems that generate insights, guide actions and deliver measurable value.The data fundamentals module is crucial for newcomers and people not familiar with data, analytics or AI",6,"[""4 learners, rating 5.0, Lucky Sinighan says ""This training so far from the topic (Data Fundamentals) was enticing, and throughout interactive, clear and engaging"", another user says ""Superb and well put together. I am enjoying every bit of the theories. Can't wait to get to the hands-on practical classes.""]"
"Data Modeller, Full Path Finisher",Data Science Basics (Data Preparation),Data Exploration,"The presentation introduces the concept of data exploration and explains why understanding data is an essential first step in any data‑driven project. It begins by outlining potential data sources, emphasizing that acquiring and preparing data is often the most time‑consuming and costly phase of a data science initiative. Data may come from internal systems, public archives, open‑source platforms such as Kaggle, or general internet sources.
A central theme is the importance of “knowing your data” before modeling. This includes checking data cleanliness, identifying missing or incorrect values, understanding variable distributions and spotting outliers. Examples such as skewed datasets, extreme rainfall measurements and historical temperature gaps illustrate how common irregularities can mislead analysis if not properly addressed.
The presentation highlights that different variables often exist on incompatible scales, making models harder to train. To address this, it introduces key preprocessing techniques including Min‑Max normalization and Gaussian (standard) normalization, explaining how each brings data onto a comparable scale. Additional preprocessing concepts include one‑hot encoding for categorical variables and the idea of dimensionality reduction, such as PCA.
The module concludes by reinforcing that data collection, cleaning, preprocessing and exploration typically consume more than 80% of the time and budget in data science projects, making these foundational steps critical for success. data modeller learning path is good for people that work with a lot of data, excel and want to start simplifying the work",30,"[""1 learners, rating 5.0, Vasil Prisadashki says ""Once you start, it is impossible to stop before reaching the end. Appetite grows with every bite""]"
"Data Modeller, Full Path Finisher",Data Science Basics (Data Preparation),Structuring Data,"The presentation introduces foundational concepts for structuring data, focusing on how real‑world information is transformed into logical, connected models. It begins by explaining the Entity‑Relationship (ER) model, a widely used conceptual framework for representing entities, their attributes and the relationships between them. ER models help organizations understand what data should be stored and how different objects in a business domain connect. Key components include entities, relationships, attributes and cardinalities, which quantify how many instances of one entity can be associated with another.data modeller learning path is good for people that work with a lot of data, excel and want to start simplifying the work
Examples illustrate cardinality types such as 1:1, 1:N and N:M, showing how real business scenarios—like employees with emergency contacts or customers placing multiple orders—translate into structured diagrams. An example ER diagram demonstrates how customers, orders, products and employees relate within a typical business process.
The module then explains how ER models translate into relational data models. In relational systems, entities become tables, attributes become columns and relationships are implemented using primary and foreign keys. Different rules apply depending on the relationship type: 1:1 relationships may merge into a single table, 1:N relationships link tables via foreign keys and N:M relationships require an auxiliary mapping table.
The presentation concludes with database fundamentals, including the history of relational databases, advantages of structured storage and the CAP theorem, which outlines trade‑offs between consistency, availability and partition tolerance in distributed systems.",14,"[""1 learners, rating 5.0, Vasil Prisadashki says ""Once you start, it is impossible to stop before reaching the end. Appetite grows with every bite""]"
"Data Modeller, Full Path Finisher",Data Science Basics (Data Preparation),SQL,"This presentation introduces Structured Query Language (SQL), describing it as a concise, industry‑standard language supported by virtually all relational databases. It explains SQL’s core purpose: to retrieve, update and transform data, with a brief note that many platforms add their own SQL dialects. The deck outlines basic command structure, focusing on staples like SELECT (choosing columns), FROM (specifying tables), and the broader idea of composing clear, minimal queries to precisely answer business questions. The emphasis is on SQL’s universality: learning standard SQL enables interaction with almost any relational system, making it a foundational skill for analysts, engineers and data scientists. While SQL can perform simple analyses, the main value is enabling consistent data access, filtering, aggregation and preparation that downstream tools and models depend upon. Overall, the material positions SQL as the “lingua franca” of data, essential for operational reporting, ad‑hoc exploration and building robust data pipelines, and highlights that mastering a small set of commands provides outsized practical capability across enterprise environments.data modeller learning path is good for people that work with a lot of data, excel and want to start simplifying the work",13,"[""1 learners, rating 5.0, Vasil Prisadashki says ""Once you start, it is impossible to stop before reaching the end. Appetite grows with every bite""]"
"Data Modeller, Full Path Finisher",Data Science Basics (Data Preparation),Data Warehouses,"This presentation introduces Business Intelligence (BI) and data architectures, explaining how organizations transform data into insights for decision‑making. BI is defined as a collection of processes and tools that convert raw business information into meaningful, actionable insights through reporting, visualization and analytics. Its purpose is to provide users with historical, current and predictive views of operations, effectively functioning as a decision‑support system.
The module then shifts to data architecture, described as the policies, rules and models governing how data is collected, stored, arranged, processed and integrated across the company. A clear data architecture mirrors real business processes and ensures a consistent data flow. The slides highlight two main conceptual architectures:

Data Warehouses, typically used for structured, historical, analytics‑ready data.
Data Lakes, which store large volumes of raw or semi‑structured data.

Additionally, the module explains the difference between on‑premise and cloud‑based implementations, noting that cloud platforms increasingly support scalable, flexible data environments.
Overall, the presentation reinforces the idea that BI and data architecture form the foundation of analytics‑driven organizations. Clear architectural design ensures reliable data access, while BI tools convert that data into insights that guide strategic and operational decisions.data modeller learning path is good for people that work with a lot of data, excel and want to start simplifying the work",9,"[""1 learners, rating 5.0, Vasil Prisadashki says ""Once you start, it is impossible to stop before reaching the end. Appetite grows with every bite""]"
"Data Modeller, Full Path Finisher",Data Science Basics (Data Preparation),Data Lakes,"This presentation introduces Big Data and the concept of Data Lakes, focusing on how data characteristics influence storage, processing and analytics strategies. Big Data is defined as data that exceeds the capacity of traditional technologies to efficiently store, manage or analyze it. Its defining attributes are summarized through the widely used “3 V’s”:

Volume — data exists in extremely large quantities.
Variety — data increasingly includes unstructured formats such as texts, images, videos and social media content.
Velocity — data often needs to be processed in real time, as delayed insights may lose value.

The deck notes that Big Data is a dynamic, evolving concept, with additional “V’s” (such as veracity, variability and value) sometimes included, though the first three represent the core framework. As businesses generate and consume more data, traditional warehouse architectures become insufficient for certain analytical needs.
To address this, the module introduces Data Lakes, large‑scale storage systems capable of holding raw, semi‑structured and unstructured data at scale. Unlike data warehouses, lakes store information in its native form until needed, enabling flexible exploration and advanced analytics such as machine learning.
Overall, the presentation stresses that the rise of Big Data requires modern architectures that support high‑volume, high‑speed and high‑variety data environments, enabling organizations to unlock broader insights and innovative use cases.data modeller learning path is good for people that work with a lot of data, excel and want to start simplifying the workdata modeller learning path is good for people that work with a lot of data, excel and want to start simplifying the work",8,"[""1 learners, rating 5.0, Vasil Prisadashki says ""Once you start, it is impossible to stop before reaching the end. Appetite grows with every bite""]"
"Data Modeller, Full Path Finisher",Data Science Basics (Data Preparation),Classroom - SQL,"This hands-on trainer-led session is designed to showcase SQL language and teach participants to code using SQL themselves on Databricks. We cover select, distinct, groupby, join and all other main staples of sql . All non-classsroom sub_modules of data science basics are a prerequite for users to be eligible for the classroom",240,"[""1 learners, rating 5.0, Vasil Prisadashki says ""Once you start, it is impossible to stop before reaching the end. Appetite grows with every bite""]"
"Data Modeller, Full Path Finisher",Data Science Basics (Data Preparation),Classroom - Python Intro,"This hands-on trainer-led session is designed to showcase python language and teach participants to code using python themselves on Databricks. We cover all the basics, from assignments, variables, data types, operations with variables, libraries etc All non-classsroom sub_modules of data science basics are a prerequite for users to be eligible for the classroom",240,"[""1 learners, rating 5.0, Vasil Prisadashki says ""Once you start, it is impossible to stop before reaching the end. Appetite grows with every bite""]"
"Data Modeller, Full Path Finisher",Data Science Basics (Data Preparation),Classroom - Databricks Part 1,"This hands-on trainer-led session is designed to showcase data cleansing using Python on real cch data either for preparing datasets for machine learning, or for learner's personal projects (e.g. going from manual data prep/data cleansing in Excel to using Python for this purpose) All non-classsroom sub_modules of data science basics are a prerequite for users to be eligible for the classroom",240,"[""1 learners, rating 5.0, Vasil Prisadashki says ""Once you start, it is impossible to stop before reaching the end. Appetite grows with every bite""]"
"Data Science Jump Starter, Full Path Finisher",Machine Learning,History of ML,"This presentation traces the historical roots of Machine Learning through early scientific attempts to model complex real‑world phenomena. The central example is the work of Roger Boscovich, an 18th‑century physicist and mathematician who attempted to measure Earth’s ellipticity. Because distances along meridians were difficult to measure accurately and available measurements were noisy, Boscovich and his collaborator Christopher Maire used multiple imperfect observations from expeditions across the world—Lapland, Cape Horn, Paris, Peru—and attempted to minimize the overall error between observations. data science jump starter path is good for people who are more advanced in data and analytics, know how to prepare data and are interested to start extracting insights OR people that want to move to data and alaytics role
The deck shows that they effectively computed what we today call residuals—the deviations of each measurement from the estimated mean—and then applied a method equivalent to minimizing the Mean Absolute Error (MAE) to find the best‑fitting parameters. This approach is presented as the conceptual ancestor of modern ML’s reliance on loss functions. The slides emphasize that, despite centuries of innovation since Boscovich, the heart of Machine Learning remains the same: define a loss function, compute error, and minimize it.
The module concludes with the message that the mathematical foundations developed centuries ago—particularly error minimization—remain the core engine of today’s ML and deep‑learning systems, from linear regression to neural networks.",14,"[""1 learners, rating 4.0, Oluseyi Adeosun says ""A Nice Overview. This has been an interesting curriculum, providing me with a better understanding of Data than I previously had. Looking forward to learning more.""]"
"Data Science Jump Starter, Full Path Finisher",Machine Learning,ML Models,"This presentation surveys the main ML task families—supervised, unsupervised and reinforcement learning—then concentrates on supervised learning because it delivers most near‑term business value. It frames model choice around the target variable and use‑case goal:

Regression when the target is continuous and we aim to predict/explain numeric outcomes.
Classification when the target is categorical and we assign items to classes.
Unsupervised learning covers clustering and anomaly detection, while reinforcement learning involves agents that optimize behavior via rewards. The deck includes concise quotes that distill the supervised paradigm as mapping “input to output” and notes that, although supervised learning currently drives most ROI, labeling cost and quality are real constraints. It encourages learners to consider “border cases” where the regression/classification line blurs and to ground model selection in the business question and available labels. The closing takeaway: supervised methods are powerful but data and labels are expensive; thus, task framing, careful dataset design, and pragmatic metric choices are as critical as algorithm selectiondata science jump starter path is good for people who are more advanced in data and analytics, know how to prepare data and are interested to start extracting insights OR people that want to move to data and alaytics role",17,"[""1 learners, rating 4.0, Oluseyi Adeosun says ""A Nice Overview. This has been an interesting curriculum, providing me with a better understanding of Data than I previously had. Looking forward to learning more.""]"
"Data Science Jump Starter, Full Path Finisher",Machine Learning,Supervised & Unsupervised Learning,"This presentation introduces the two primary categories of machine learning: supervised learning and unsupervised learning. Supervised learning is used when labeled examples are available. The deck walks through the supervised learning cycle: features are passed into a model, predictions are generated, results are compared to the known labels, a mathematical error (loss) is calculated and the model’s parameters are updated iteratively to reduce that error. This iterative loop continues until a suitable level of accuracy is reached.
Unsupervised learning, in contrast, operates without labels and is used for tasks such as clustering and anomaly detection. Instead of comparing predictions to true outputs, unsupervised models evaluate similarity structures within the data, grouping observations based on shared properties. The module shows how unsupervised models repeatedly transform input data using similarity measures to uncover patterns. The presentation highlights that supervised learning is more common in business contexts, but unsupervised learning is indispensable when labeled data is unavailable or costly to produce. Ultimately, this module lays a conceptual foundation for understanding how different ML approaches “learn” from data and why certain techniques are chosen depending on the problem context.data science jump starter path is good for people who are more advanced in data and analytics, know how to prepare data and are interested to start extracting insights OR people that want to move to data and alaytics role",14,"[""1 learners, rating 4.0, Oluseyi Adeosun says ""A Nice Overview. This has been an interesting curriculum, providing me with a better understanding of Data than I previously had. Looking forward to learning more.""]"
"Data Science Jump Starter, Full Path Finisher",Machine Learning,Measuring Success,"This module teaches how to evaluate machine‑learning models for both regression and classification tasks. For regression, the deck explains key error metrics such as Mean Absolute Error (MAE), Mean Squared Error (MSE) and Mean Absolute Percentage Error (MAPE), using examples that compare predicted vs. true product volumes for Coca‑Cola customers. For classification, the presentation introduces true positives, true negatives, false positives and false negatives, which form the basis for metrics such as precision, recall and accuracy. The slides emphasize that different business scenarios demand different evaluation priorities: for example, minimizing false negatives might matter most in fraud detection, while precision could be more important in marketing personalization. The module also contains suggestions for adjusting examples to make them relevant for Coca‑Cola HBC—such as replacing cat/dog classifiers with predictions about Coke Regular vs. Coke Zero preferences. It stresses that learners will need to compute these metrics in quizzes, reinforcing that mastering evaluation is crucial for selecting and deploying appropriate models. Overall, the deck highlights that understanding how success is measured is just as important as building the model itself.data science jump starter path is good for people who are more advanced in data and analytics, know how to prepare data and are interested to start extracting insights OR people that want to move to data and alaytics role",23,"[""1 learners, rating 4.0, Oluseyi Adeosun says ""A Nice Overview. This has been an interesting curriculum, providing me with a better understanding of Data than I previously had. Looking forward to learning more.""]"
"Data Science Jump Starter, Full Path Finisher",Machine Learning,Splitting Data,"This module explains how datasets should be divided into training, validation and test sets—an essential practice for building reliable ML models. The typical split proportions are outlined: 70–80% training, 10–15% validation, and 10–15% testing. Using the classic Iris dataset, the presentation illustrates how splitting must preserve class balance to avoid biased outcomes. The deck underscores that proper splitting prevents data leakage, ensures that hyperparameter tuning uses separate data from model evaluation, and allows realistic assessment of model performance. It also notes that different data types may require additional transformation steps before splitting. Emphasis is placed on why poor splitting—especially with small datasets—can cause a model to overfit or generalize poorly. The slides prompt learners to think about transforming non‑numeric features into numeric form and consider how their choices impact the downstream modeling pipeline. Overall, this module teaches that correct splitting is not merely procedural; it is a methodological safeguard ensuring the validity and reproducibility of machine‑learning results.data science jump starter path is good for people who are more advanced in data and analytics, know how to prepare data and are interested to start extracting insights OR people that want to move to data and alaytics role",23,"[""1 learners, rating 4.0, Oluseyi Adeosun says ""A Nice Overview. This has been an interesting curriculum, providing me with a better understanding of Data than I previously had. Looking forward to learning more.""]"
"Data Science Jump Starter, Full Path Finisher",Machine Learning,Linear Regression,"The deck walks through linear regression as a foundational supervised model and uses an error‑first lens to explain learning. It shows how a line (the model) is fit to data by minimizing a loss function, contrasting error before/after fitting and visualizing mean error reductions. Learners see multiple error formulations (e.g., MAE, MSE) and the idea that training chooses parameters that minimize average error across observations. Conceptually, the model establishes a simple functional mapping y=ax+by = ax + by=ax+b; the training objective is to pick a,ba,ba,b that minimize the chosen loss. The deck underscores that linear regression’s value is not just predictive: it is interpretable, provides baselines for more complex models, and sharpens understanding of over/under‑fit behavior. A key meta‑point is that loss minimization underpins most ML algorithms, so mastering this example pays dividends when progressing to generalized linear models, tree ensembles or neural networks. The material demystifies the math: practitioners need not derive gradients by hand—the computer handles optimization—yet they must understand what is being minimized and why to select metrics and judge model fit responsibly.data science jump starter path is good for people who are more advanced in data and analytics, know how to prepare data and are interested to start extracting insights OR people that want to move to data and alaytics role",17,"[""1 learners, rating 4.0, Oluseyi Adeosun says ""A Nice Overview. This has been an interesting curriculum, providing me with a better understanding of Data than I previously had. Looking forward to learning more.""]"
"Data Science Jump Starter, Full Path Finisher",Machine Learning,Decision Trees,"This presentation introduces decision trees as flowchart‑like models that learn if‑then rules from data. At each node, the algorithm selects the feature that produces the best split (i.e., the most “informative” partition), then recurses until a stopping rule (e.g., maximum depth) is reached. Trees are explained primarily in a classification context (they also support regression), with intuition built via 2‑D space partitions that assign rectangles to classes. A Coca‑Cola preference example illustrates how attributes such as BMI and age could influence targeted messaging (e.g., “classic enjoyment” vs. “low‑carb/healthy” themes), grounding the concept in a realistic marketing scenario. The deck discusses strengths—interpretability, ease of visualization, ability to capture non‑linear interactions—and pitfalls such as overfitting, instability to small data perturbations and bias toward features with many levels. It hints at remedies and extensions (e.g., pruning, constraints, ensembles like random forests/gradient boosting) and reiterates that decision trees remain powerful and often underrated when configured and validated correctly. The key message: trees provide transparent rules that stakeholders can understand, making them strong baselines and building blocks for more advanced ensemble methods.data science jump starter path is good for people who are more advanced in data and analytics, know how to prepare data and are interested to start extracting insights OR people that want to move to data and alaytics role",22,"[""1 learners, rating 4.0, Oluseyi Adeosun says ""A Nice Overview. This has been an interesting curriculum, providing me with a better understanding of Data than I previously had. Looking forward to learning more.""]"
"Data Science Jump Starter, Full Path Finisher",Machine Learning,Unsupervised Methods,"This presentation introduces unsupervised learning with an emphasis on k‑means clustering and anomaly detection. For k‑means, learners see the algorithmic loop: pick k (a hyperparameter), initialize centroids, assign points to nearest centroids (by a distance measure such as Euclidean), recompute centroids and repeat until convergence; because results can vary by initialization, runs are typically repeated multiple times. Examples span synthetic clusters (e.g., segments by income and years to retirement) and a well‑known product example where online services cluster content. The anomaly section revisits the difficulty of defining and labeling anomalies, noting that anomalies are rare and label quality is uncertain (echoing Module 1 themes). The deck’s closing view highlights representation learning gains in deep learning that reduce reliance on labels, particularly in natural language tasks, while acknowledging ongoing research to generalize these benefits. The message: unsupervised learning is indispensable when labels are scarce or ambiguous, but it requires careful choice of k, initialization strategy, distance metrics and repeat runs to yield robust segments; anomaly work needs domain checks and often hybrid approaches.data science jump starter path is good for people who are more advanced in data and analytics, know how to prepare data and are interested to start extracting insights OR people that want to move to data and alaytics role",21,"[""1 learners, rating 4.0, Oluseyi Adeosun says ""A Nice Overview. This has been an interesting curriculum, providing me with a better understanding of Data than I previously had. Looking forward to learning more.""]"
"Data Science Jump Starter, Full Path Finisher",Machine Learning,"Training, Testing and Validation","This deck formalizes the iterative modelling cycle: train → validate → test. Data is typically partitioned around 60–20–20; features, models and hyperparameters are explored through loops that automate combination trials. Training estimates parameters on the training set. Validation evaluates candidate models on unseen validation data to optimize hyperparameters and decide when to stop (early stopping) or which variant to select. Testing then assesses the chosen model under realistic, held‑out conditions to estimate generalization performance. The slides emphasize that validation is not a final score—it is part of model selection—and that leakage between these splits will inflate apparent accuracy while harming real‑world results. The takeaway is a disciplined mindset: design your splits to match deployment, iterate systematically, and only treat the test result as credible once all selection is frozen.data science jump starter path is good for people who are more advanced in data and analytics, know how to prepare data and are interested to start extracting insights OR people that want to move to data and alaytics role",29,"[""1 learners, rating 4.0, Oluseyi Adeosun says ""A Nice Overview. This has been an interesting curriculum, providing me with a better understanding of Data than I previously had. Looking forward to learning more.""]"
"Data Science Jump Starter, Full Path Finisher",Machine Learning,Forecasting,"Focusing on forecasting as structured regression, the deck explains why temporal order matters and why models must incorporate trend, seasonality and autocorrelation. It contrasts “normal” (i.i.d.) regression with time series, where training/validation splits and feature engineering must respect chronology. A spectrum of forecasting models is presented, from classical statistical approaches (AR, MA, ARIMA, VAR, exponential smoothing/Holt‑Winters) to tree‑based regressors, RNN variants (LSTM/GRU) and modern attention/transformer architectures. Model choice should reflect data complexity: simple patterns merit simple models, while multi‑seasonal, regime‑changing signals may justify higher‑capacity methods. The material ties the topic to CCHBC’s forecasting use cases, reminding that demand prediction often blends time‑series signals and exogenous drivers (promotions, price, weather), not just the univariate series. The overarching guidance: treat chronology carefully, align model complexity with pattern complexity, and validate with schemes that simulate future deployment (e.g., rolling origin evaluation).data science jump starter path is good for people who are more advanced in data and analytics, know how to prepare data and are interested to start extracting insights OR people that want to move to data and alaytics role",23,"[""1 learners, rating 4.0, Oluseyi Adeosun says ""A Nice Overview. This has been an interesting curriculum, providing me with a better understanding of Data than I previously had. Looking forward to learning more.""]"
"Data Science Jump Starter, Full Path Finisher",Machine Learning,Improving Methods,"This deck discusses recognizing and preventing overfitting, grounding the topic in bias–variance trade‑offs and learning curves. It explains that some error is irreducible; attempts to “learn” it will degrade test performance. Heuristics appear for data sufficiency (“it depends,” but more observations than parameters and more observations than features, often by wide margins). The content stresses that the process complexity and model complexity jointly determine data needs: simple processes can be modeled with fewer observations (e.g., linear regression), whereas deep networks demand thousands to millions. The presentation also illustrates the curse of complexity in categorical feature spaces (combinatorial category growth) and warns that models can only learn from the data they see—quality and relevance matter as much as quantity. Remedies implicit in the narrative include regularization, pruning/constraints, simpler architectures, feature selection, more data and better labels, and evaluation discipline with proper splits. The key takeaway: match model capacity to signal complexity, grow data and feature quality thoughtfully, and monitor learning dynamics to halt training before memorization.data science jump starter path is good for people who are more advanced in data and analytics, know how to prepare data and are interested to start extracting insights OR people that want to move to data and alaytics role",40,"[""1 learners, rating 4.0, Oluseyi Adeosun says ""A Nice Overview. This has been an interesting curriculum, providing me with a better understanding of Data than I previously had. Looking forward to learning more.""]"
"Data Science Jump Starter, Full Path Finisher",Machine Learning,Classroom - Databricks Part 2 & 3,"This hands-on trainer-led session is designed to showcase machine learning and data visualization using Python on real cch data with the goal to demistify the ML process and show the participants the full lifecycle of a data science project, including features selection, feature engineering, result visualization. All non-classsroom sub_modules of machine learning are a prerequite for users to be eligible for the classroom",240,"[""1 learners, rating 4.0, Oluseyi Adeosun says ""A Nice Overview. This has been an interesting curriculum, providing me with a better understanding of Data than I previously had. Looking forward to learning more.""]"
"Data Storyteller, Full Path Finisher",Data Visualization,Intro to Data Viz,"This module defines data visualization as the graphical representation of information to reveal patterns, trends and insights quickly and effectively. It emphasizes that, in a world of increasing data volumes, visualization is essential for enabling fast comprehension and supporting data‑driven decisions. The deck stresses the communication value of visuals, capturing the idea behind the saying “a picture is worth a thousand words”.
A core theme is choosing the right chart type: effective visualizations depend on selecting visuals that fit the context, question and message. The slides highlight that visualization is not only a technical exercise but a storytelling tool—even the most sophisticated analysis loses impact if not communicated clearly. Data visualization reduces the cognitive load on audiences by transforming raw data into digestible formats, aiding quicker insight extraction.
The presentation underscores the importance of aligning visualization with its target audience: understanding their needs, level of expertise and decisions they must make. By doing so, visuals become actionable. The module frames visualization as a key component of reporting and analytics, forming the bridge between complex analysis and human understanding. the data storyteller learning path is good for anyone that wants to start visualize data or insights and for people that want to use powerBI",5,"[""No detailed feedback""]"
"Data Storyteller, Full Path Finisher",Data Visualization,Tools & Methods,"This presentation compares GUI‑based tools (e.g., Power BI, Tableau, QlikView) and programming‑based tools (Python libraries like Matplotlib, Seaborn; R libraries like ggplot2; D3.js). GUI tools are easy to learn, support rapid prototyping and enable self‑service analytics, but may offer limited deep‑analysis capability or customization. Code‑based tools allow full flexibility, bespoke visuals and advanced analytics workflows but require programming skills.
A substantial section explains Power BI, describing it as Microsoft’s unified data‑visualization platform merging Power Pivot, Power Query and Power View. It supports interactive dashboards, distribution across the organization, and integration with R, Python and SQL for modeling. Constraints include data‑point limits in certain visuals.
The deck encourages choosing tools based on use case, audience, required customizability and ecosystem fit rather than personal preference.
Overall, the message is that visualization tools are part of a broader analytics workflow—they must support clarity of communication, consistency, accessibility and alignment with enterprise data practices.the data storyteller learning path is good for anyone that wants to start visualize data or insights and for people that want to use powerBI",5,"[""No detailed feedback""]"
"Data Storyteller, Full Path Finisher",Data Visualization,Data Viz Standards,"This deck provides a practical classification of visualization methods, linking each to its communication purpose:

Comparing categories: Bar charts are used to compare absolute and relative values across categories.
Part‑to‑whole relationships: Pie charts help reveal proportions or hierarchies.
Changes over time: Line charts show temporal trends and evolving patterns.
Relationships and distributions: Scatter plots are used to assess correlations or explore multivariate patterns.
Geospatial insights: Choropleth maps visualize spatial patterns across regions.

The deck stresses that chart selection must follow the message, not the other way around. The same dataset may require different visual treatments depending on the question: understanding in‑category differences vs. spotting patterns vs. tracking change.
It highlights that inappropriate visualization choices can obscure insights or mislead audiences. Best‑practice visualization focuses on clarity, context, simplicity and intentional communication.the data storyteller learning path is good for anyone that wants to start visualize data or insights and for people that want to use powerBI",7,"[""No detailed feedback""]"
"Data Storyteller, Full Path Finisher",Data Visualization,Dashboard Design Matrix,"This module covers the architectural principles of dashboard design, focusing on data understanding, content structuring, and information hierarchy.
It begins by emphasizing the importance of data preparation—cleaning, joining, transforming and profiling data—as a foundation for dashboard success. Reliable dashboards depend on accurate, well‑prepared datasets.
Next, the deck discusses how to structure dashboards for intuitive navigation. Two design strategies are introduced:

Horizontal navigation: Suited for homogeneous user groups, allowing fast access through tabs or sections.
Vertical (“top‑down”) navigation: Ideal for heterogeneous audiences, beginning with high‑level summaries and allowing users to drill into relevant sub‑views.

A key rule of thumb is avoiding information overload, such as limiting screens to roughly four charts.
The deck also introduces information hierarchy, starting with an “easy entry” view, followed by progressive disclosure—detail only appears when needed. This approach maintains clarity while enabling depth through drill‑downs and interactions.the data storyteller learning path is good for anyone that wants to start visualize data or insights and for people that want to use powerBI",11,"[""No detailed feedback""]"
"Data Storyteller, Full Path Finisher",Data Visualization,Data Viz Process,"This presentation outlines a four‑stage workflow for creating professional dashboards: Sketch → Wireframe → Mockup → Prototype. Each step is tied to a set of underlying design factors such as user needs, structure, information hierarchy, context, message clarity, consistency and the data‑ink ratio.

Sketch: A rough exploration of ideas, layouts and key content directions.
Wireframe: A structured but design‑neutral layout that tests navigational logic, content placement and usability. It focuses on user experience and structural clarity.
Mockup: A more polished representation defining visual design (colors, fonts, layout details). It fixes the “look and feel” and is typically shared with stakeholders for alignment.
Prototype: A functional version where interactivity, real data connections and user flows are finalized.

The deck stresses that structure and comprehension come before aesthetics. Wireframes prevent wasted development effort by validating feasibility early. Mockups ensure stakeholder alignment before technical build begins. Prototypes ensure usability and narrative flow with real data.
Through this structured process, dashboards become the result of intentional design, anchored in user needs rather than ad‑hoc visual choices.the data storyteller learning path is good for anyone that wants to start visualize data or insights and for people that want to use powerBI",5,"[""No detailed feedback""]"
"Data Storyteller, Full Path Finisher",Data Visualization,Classroom - Data Viz Fundamentals,"This hands-on trainer-led session is designed to show participants the basics for data visualization - what makes a good visual vs a bad one, how to craft user stories for our stakeholders and understand their needs for visuals",120,"[""No detailed feedback""]"
"Data Storyteller, Full Path Finisher",Data Visualization,Classroom - PowerBI,"This hands-on trainer-led session is designed to show users how to create their own PowerBI reports using real cch data from loading data, creating a data model, visuals creation and dashboard design through dax queries, filters and slicers.",240,"[""No detailed feedback""]"
"Analytics Project Runner, Full Path Finisher",Data Projects,Intro to Data Science,"The presentation introduces the fundamentals of data science, describing it as an interdisciplinary field that combines mathematics, statistics and computer science to extract insights from data. Because it draws on many methods and serves varied purposes, definitions of data science often differ, but the core objective remains consistent: using data to understand patterns, support decisions and create value. The module emphasizes that data science is widely applicable across business domains, from sales forecasting and customer segmentation to operational optimization and evaluating marketing effectiveness. These applications can reduce costs, improve planning and drive profitability.
Two primary approaches to developing data‑driven use cases are presented. The conceptual approach begins with a business question, develops an analytical concept and then identifies the required data. It ensures strong alignment with business value but relies on data availability. The tech‑driven approach starts from existing data, exploring what insights can be generated. This may uncover unexpected patterns, though business impact is not always guaranteed.
Examples of data science use cases include process optimization through centralized data infrastructure, developing new products and services using customer behavior analysis, improving productivity with automated risk assessment, enabling decision support via dashboards and reducing costs through fraud detection.
The module closes by emphasizing that definitions matter less than the practical benefits and that data science offers significant potential—and enjoyment—for those who engage with it. the analytics project runner path is good, but not mandatory for novices and  for people interested in scrum, agile, project methodologies",10,"[""No detailed feedback""]"
"Analytics Project Runner, Full Path Finisher",Data Projects,Life-cycle of a Data Science Project,"The presentation introduces the data science project life cycle and highlights why the process is iterative. It outlines the key steps commonly followed in data science work: identifying or reviewing a business case, defining relevant KPIs, gathering or complementing data, implementing and optimizing a model, deploying it into production and evaluating its performance. Although multiple steps are listed, the module focuses mainly on the early stages, stressing the importance of clear problem definition before any technical work begins.
The slides emphasize common challenges in starting data science initiatives. Organizations often attempt to “do AI” without a clear understanding of applicability or business value, leading to misalignment between managers and data scientists. An example dialogue illustrates how communication gaps arise: managers may not understand what data science can or cannot achieve, while data scientists may lack insight into organizational priorities or available data. This reinforces the need for both sides to better understand each other’s constraints.
The module also frames data science as an investment that should be evaluated similarly to entering a new market. Use cases should be assessed based on expected benefits (monetary impact, service improvements, employee satisfaction), costs (development and maintenance) and probability of success. Prioritization typically depends on business value, but for companies new to data science, factors like organizational acceptance and likelihood of quick wins also matter. It concludes by encouraging action, noting that starting with a smaller or less ambitious use case is preferable to not beginning at all.the analytics project runner path is good, but not mandatory for novices and  for people interested in scrum, agile, project methodologies",32,"[""No detailed feedback""]"
"Analytics Project Runner, Full Path Finisher",Data Projects,Skills & Roles,"The presentation outlines the key skills, roles and ways of working that enable successful data science projects. It begins by emphasizing that data science is a holistic, multidisciplinary field requiring a blend of analytical thinking, technical expertise and business understanding. Core skills include problem analysis, data handling, conceptual thinking, asking the right questions, programming, statistics, communication and domain knowledge. These capabilities enable individuals to translate business challenges into analytical tasks and derive insights from data.
The module then introduces the principal roles involved in data projects: business analysts, data engineers, data scientists, database administrators, technical experts and business stakeholders. Each role contributes distinct responsibilities, from understanding business processes to preparing data infrastructure or developing analytical models. The module explains in more detail the roles of business analysts—who act as interfaces between business and data teams—and data engineers, who make data accessible by retrieving, preparing and structuring it. The data scientist role focuses on applying statistical and machine learning methods, selecting appropriate models and interpreting results.
Effective collaboration is highlighted as essential. Clear communication of goals, technical requirements and results ensures alignment across teams. The presentation advocates agile project structures that empower cross‑functional teams, promote iterative collaboration and create space for uncertainty inherent in data science work. It concludes with practical reminders to apply common sense, validate data, avoid unnecessary complexity and maintain a holistic perspective throughout projects.the analytics project runner path is good, but not mandatory for novices and  for people interested in scrum, agile, project methodologies",34,"[""No detailed feedback""]"
"Analytics Project Runner, Full Path Finisher",Data Projects,Tools,"The presentation provides an overview of the main tools, technologies and resources used in data science, organized into categories that support different stages of analytical work. It begins by distinguishing between software tools, programming languages, libraries and integrated development environments (IDEs). Software tools such as KNIME, QlikView or Tableau offer ready‑made interfaces for specific tasks, particularly data visualization. Programming languages like Python and R allow users to write instructions for computers. Libraries such as NumPy and pandas provide pre‑built functionality, making complex tasks easier. IDEs and notebook environments, including Eclipse and Jupyter, support development by integrating code, documentation and execution.
The module then presents a broader view of the typical “data science toolbox,” spanning hardware (servers, clusters, GPUs), storage technologies, processing frameworks, visualization tools, programming languages and cloud platforms. It notes that the ecosystem evolves quickly and that not every tool fits every use case.
Examples of tool categories for preprocessing, modeling and evaluation are shown: pandas and NumPy for structured and unstructured data preparation, scikit‑learn and deep‑learning frameworks like TensorFlow or PyTorch for modeling, and SciPy or MATLAB for statistical evaluation and visualization.
The presentation also highlights practical considerations such as licensing restrictions, cost differences and the value of experimenting before investing heavily in specific technologies. It ends by emphasizing that while tools simplify work, understanding underlying algorithms is still essential.the analytics project runner path is good, but not mandatory for novices and  for people interested in scrum, agile, project methodologies",26,"[""No detailed feedback""]"
"Analytics Project Runner, Full Path Finisher",Data Projects,Classroom - Scrum,"This hands-on trainer-led session is designed to showcase scrum and agile methodologies through examples, group exercises and roleplay. It is vital for anyone that wants to work within the data , analytics or AI areas since all the data projects in cch are agile projects under safe methodology All non-classsroom sub_modules of data projects are a prerequite for users to be eligible for the classroom",480,"[""No detailed feedback""]"
"Generative AI, Full Path Finisher",Generative AI,Intro to Generative AI,"The module provided a comprehensive introduction to artificial intelligence, focusing on the distinctions between AI, machine learning, neural networks, and deep learning. It explained how these technologies are used to mimic human behavior, learn from data, and identify patterns. The discussion highlighted generative AI as a subset of deep learning, capable of producing new content such as text, images, audio, and video that resembles human creations. Examples of generative AI tools for each content type were shared, along with practical use cases in business, including demand forecasting and advanced analytics.
The limitations of generative AI were addressed, emphasizing that these models cannot generalize or extrapolate like humans and are only as effective as their training data and human feedback. Notable failures and risks were discussed, such as incorrect mathematical reasoning and the potential for AI to act unexpectedly if not properly supervised. The importance of responsible AI was stressed, covering ethical, legal, and governance considerations, including bias, misuse, copyright, and job market impacts. The module concluded by noting the transformative potential of AI, its ongoing evolution, and the need for robust frameworks to ensure beneficial and safe deployment in society. the generative AI module is mandatory for anyone who mentions wanting to learn about AI, GenAI, LLM, Generative AI, Agentic AI",15,"[""3 learners, rating 5.0, Nikola Vlahovic says ""great""]"
"Generative AI, Full Path Finisher",Generative AI,GenAI in Practice,"This eLearning module provides a technical overview and practical demonstration of large language models (LLMs), focusing on their architecture, applications, and integration into business processes. It begins with an introduction to LLMs, explaining their foundation in deep learning, particularly transformer architectures, and their ability to process and generate human-like text. The module highlights various LLMs developed by leading organizations and emphasizes the importance of understanding API documentation and security considerations when using public versus private endpoints.
Practical examples are presented, showcasing how LLMs can be used for translation, sentiment analysis, topic identification, named entity recognition, summarization, and text search. Each use case demonstrates the importance of prompt engineering, parameter tuning (such as temperature and token limits), and the necessity of human validation to ensure accuracy and mitigate issues like model hallucination.
The module also introduces a proof-of-concept chatbot designed for master data management within an enterprise, illustrating how generative AI can support different user personas by providing quick, context-specific answers and linking to source documentation. The chatbot is positioned as a supplementary tool to enhance efficiency, not as a replacement for human expertise. Future enhancements are planned to expand documentation coverage and tailor responses to user roles. The session concludes by emphasizing the ongoing need for human oversight and continuous learning in AI-powered solutions. The submodule is now quite outdated and should not be preferentially shown to users - only as a package deal for the full module.the generative AI module is mandatory for anyone who mentions wanting to learn about AI, GenAI, LLM, Generative AI, Agentic AI",40,"[""3 learners, rating 5.0, Nikola Vlahovic says ""great""]"
"Generative AI, Full Path Finisher",Generative AI,About Prompt Literacy,"The presentation introduces a four‑part training series focused on prompt engineering and generative AI. It outlines the course structure, which includes an introduction to the nature of prompt engineering, core techniques for optimizing large language model outputs, risks and pitfalls, and methods for applying prompt engineering to multimodal content creation. The slides position this training as a continuation of the “Introduction to Generative AI” course in the Data & Analytics Academy, aiming to expand learners’ capabilities in practical AI usage. The session emphasizes the growing importance of generative AI applications and their expanding influence across work environments. The material highlights how prompt engineering enables users to control, refine, and better align AI output with business needs. It also stresses a practical learning approach, combining theoretical explanations with applied demonstrations in tools such as ChatGPT. The overarching message is that prompt engineering is becoming an essential skill for improving the relevance, accuracy, and efficiency of AI‑generated content across different business functions.the generative AI module is mandatory for anyone who mentions wanting to learn about AI, GenAI, LLM, Generative AI, Agentic AI",3,"[""3 learners, rating 5.0, Nikola Vlahovic says ""great""]"
"Generative AI, Full Path Finisher",Generative AI,Intro  to Prompt Engineering,"This presentation introduces the foundations of prompt engineering and its relevance to generative AI applications. It explains the rapid adoption of large language models and why prompt design has become a key capability for achieving useful outputs. The slides explore widespread business use cases such as contract analysis, patent research, knowledge management, and content creation, illustrating the versatility of LLMs. A core framework is presented for adapting a model to specific tasks by manipulating two dimensions: context (the information provided to the model) and model behaviour (instructions or role‑based guidance). Prompt engineering is highlighted as an accessible approach that affects both dimensions without requiring model retraining. The presentation defines prompt engineering as deliberately crafting prompts to guide model outputs and explains that LLMs function through text completion, making prompt clarity vital. Foundational techniques such as designing precise prompts and using “act as” instructions are demonstrated. The section concludes by establishing these strategies as essential for effective interaction with generative AI systems and prepares learners for more advanced methods in later modules.the generative AI module is mandatory for anyone who mentions wanting to learn about AI, GenAI, LLM, Generative AI, Agentic AI",15,"[""3 learners, rating 5.0, Nikola Vlahovic says ""great""]"
"Generative AI, Full Path Finisher",Generative AI,Prompt Engineering Techniques,"This module presents practical prompt engineering techniques that help tailor language model outputs more effectively. After a reminder of how LLM customization relies on context and behavioural instructions, the presentation focuses on concrete ways to refine prompts. It demonstrates methods such as defining output length, which enables the user to constrain verbosity and ensure the response fits intended use cases. Another technique involves adjusting style—asking the model to write in a specific tone, persona, or professional voice. This reinforces how “act as” strategies influence structure and clarity. The slides also illustrate prompts that request pros‑and‑cons reasoning, showing how structured instructions can yield more analytical outputs. Across these examples, the module emphasizes that small prompt variations significantly affect results and that effective prompting requires iterative testing. The content encourages users to think about end‑user needs, desired formats, and business context when constructing prompts. Overall, the presentation builds upon basic principles to introduce more nuanced strategies for shaping LLM behaviour.the generative AI module is mandatory for anyone who mentions wanting to learn about AI, GenAI, LLM, Generative AI, Agentic AI",18,"[""3 learners, rating 5.0, Nikola Vlahovic says ""great""]"
"Generative AI, Full Path Finisher",Generative AI,Pitfalls in Prompting,"This section addresses key risks and limitations associated with LLMs and how prompt engineering can help mitigate them. The presentation begins by highlighting that prompt engineering is inherently iterative—users must write, test, and refine prompts to achieve reliable outcomes. It outlines common model failures, such as producing incorrect facts, misunderstanding logical order, or being overly influenced by misleading input. Real examples illustrate how LLMs may hallucinate references, provide fabricated information, or generate unverifiable claims. The module compares outputs across different model versions to demonstrate how model improvements reduce, but do not eliminate, such issues. The slides emphasize the importance of controlling hallucinations by adding instructions that require the model to express uncertainty or avoid inventing details. They also explore influenceability, illustrating how wording can unintentionally bias the model’s output. Through these examples, the presentation highlights the need for critical evaluation of AI‑generated content and the importance of designing prompts that enforce accuracy, verification and transparency. Overall, the module teaches users to anticipate model weaknesses and apply prompt patterns that minimize misinterpretation and factual errorsthe generative AI module is mandatory for anyone who mentions wanting to learn about AI, GenAI, LLM, Generative AI, Agentic AI",35,"[""3 learners, rating 5.0, Nikola Vlahovic says ""great""]"
"Generative AI, Full Path Finisher",Generative AI,Prompt for Content Creation,"This module explores prompt engineering techniques across multimodal content creation, including images, audio, video, and storytelling. The slides illustrate how commands such as multi‑prompting, blending and style instructions can be used to generate or modify images using tools like Midjourney or Stable Diffusion. Examples show how image generators learn stylistic patterns and reproduce them in new contexts. The presentation highlights how similar techniques can unwittingly produce deepfakes, emphasizing the ethical risks associated with generative visual content. In storytelling, the module introduces methods for maintaining consistent characters across scenes, structuring narratives through system prompts, and dividing stories into segments for improved coherence. The content then expands to audio and video generation tools, explaining how generative AI can synthesize sound, music and voice and how challenges such as temporal coherence still persist. The slides reference tools like ElevenLabs and Runway, demonstrating how multimodal AI expands creative possibilities but also introduces new complexity. Overall, the presentation shows how prompt engineering principles extend beyond text, enabling structured, controlled generation across multiple content types.the generative AI module is mandatory for anyone who mentions wanting to learn about AI, GenAI, LLM, Generative AI, Agentic AI",25,"[""3 learners, rating 5.0, Nikola Vlahovic says ""great""]"
"Generative AI, Full Path Finisher",Generative AI,Prompt Engineering Conclusion,"The final module concludes the training by summarizing key insights across the prompt engineering curriculum. It reiterates that techniques such as chain‑of‑thought prompting and few‑shot examples can significantly improve the quality of model outputs. The presentation emphasizes that generative AI is a powerful tool for content production but also carries inherent risks, including hallucinations, misuse and the creation of deceptive content such as deepfakes. The module stresses that prompt engineering remains one of the most accessible and cost‑effective methods for optimizing LLM behaviour, allowing users to enhance relevance, reduce errors and improve output structure without technical model modifications. The session encourages ongoing practice and refinement of prompting skills, reinforcing that thoughtful prompt construction drives more controlled, predictable and responsible AI usage.the generative AI module is mandatory for anyone who mentions wanting to learn about AI, GenAI, LLM, Generative AI, Agentic AI",3,"[""3 learners, rating 5.0, Nikola Vlahovic says ""great""]"
